INSERT INTO productos (id_producto, nombre, tipo_producto, id_unidad_de_medida, id_precio_venta_u_medida) VALUES
(1, 'Tomate fresco', 'Hortaliza', 1, 1),
(2, 'Pepino fresco', 'Hortaliza', 1, 1),
(3, 'Lechuga orgánica', 'Hortaliza', 1, 1),
(4, 'Pimiento rojo', 'Hortaliza', 1, 1),
(5, 'Zanahoria', 'Hortaliza', 1, 1),
(6, 'Plátano', 'Fruta', 2, 2),
(7, 'Mango', 'Fruta', 2, 2),
(8, 'Frutilla', 'Fruta', 2, 2),
(9, 'Manzana', 'Fruta', 2, 2),
(10, 'Uva', 'Fruta', 2, 2),
(11, 'Albahaca', 'Planta aromática', 1, 1),
(12, 'Orégano', 'Planta aromática', 1, 1),
(13, 'Perejil', 'Planta aromática', 1, 1),
(14, 'Cilantro', 'Planta aromática', 1, 1),
(15, 'Tomillo', 'Planta aromática', 1, 1),
(16, 'Cebolla morada', 'Hortaliza', 1, 1),
(17, 'Cebolla blanca', 'Hortaliza', 1, 1),
(18, 'Acelga', 'Hortaliza', 1, 1),
(19, 'Apio', 'Hortaliza', 1, 1),
(20, 'Espárrago', 'Hortaliza', 1, 1),
(21, 'Huevo de campo', 'Producto animal', 3, 3),
(22, 'Leche fresca', 'Producto animal', 3, 3),
(23, 'Carne de res', 'Producto animal', 4, 4),
(24, 'Pescado fresco', 'Producto animal', 5, 5),
(25, 'Yogur natural', 'Producto lácteo', 3, 3),
(26, 'Queso fresco', 'Producto lácteo', 3, 3),
(27, 'Mantequilla', 'Producto lácteo', 3, 3),
(28, 'Crema de leche', 'Producto lácteo', 3, 3),
(29, 'Jugo de naranja', 'Bebida', 6, 6),
(30, 'Jugo de manzana', 'Bebida', 6, 6),
(31, 'Agua mineral', 'Bebida', 6, 6),
(32, 'Cerveza artesanal', 'Bebida', 7, 7),
(33, 'Vino tinto', 'Bebida', 7, 7),
(34, 'Vino blanco', 'Bebida', 7, 7),
(35, 'Café orgánico', 'Bebida', 8, 8),
(36, 'Té verde', 'Bebida', 8, 8),
(37, 'Té negro', 'Bebida', 8, 8),
(38, 'Pan integral', 'Panadería', 9, 9),
(39, 'Pan de avena', 'Panadería', 9, 9),
(40, 'Pan de masa madre', 'Panadería', 9, 9),
(41, 'Galletas de avena', 'Repostería', 9, 9),
(42, 'Galletas de chocolate', 'Repostería', 9, 9),
(43, 'Pastel de manzana', 'Repostería', 9, 9),
(44, 'Pastel de zanahoria', 'Repostería', 9, 9),
(45, 'Bizcochos de limón', 'Repostería', 9, 9),
(46, 'Mermelada de frutilla', 'Producto en conserva', 10, 10),
(47, 'Mermelada de durazno', 'Producto en conserva', 10, 10),
(48, 'Mermelada de naranja', 'Producto en conserva', 10, 10),
(49, 'Salsa de tomate', 'Producto en conserva', 10, 10),
(50, 'Salsa de pesto', 'Producto en conserva', 10, 10);


INSERT INTO proveedores (id_proveedor, nombre_empresa, contacto_proveedor, id_finca) VALUES
(1, 'Agro S.A.', 'Juan Pérez', 1),
(2, 'Verde Vida', 'Laura Sánchez', 1),
(3, 'Frutos del Campo', 'Carlos Gómez', 1),
(4, 'Proveedora Agro', 'Ana Díaz', 1),
(5, 'Granja Verde', 'Pedro Martínez', 1),
(6, 'Alimentos Frescos', 'Sofía Rodríguez', 1),
(7, 'Cultivos del Sur', 'Felipe García', 1),
(8, 'Frutas del Valle', 'Marta López', 1),
(9, 'AgroMundo', 'Ricardo Torres', 1),
(10, 'Campo Organico', 'Verónica Pérez', 1),
(11, 'Tierra Fértil', 'Luis Fernández', 1),
(12, 'AgroDiverso', 'María Gómez', 1),
(13, 'Alma Verde', 'Juan Hernández', 1),
(14, 'Campos del Noroeste', 'José García', 1),
(15, 'Fincas del Este', 'Beatriz Ruiz', 1),
(16, 'Semillas del Sol', 'Álvaro Sánchez', 1),
(17, 'Cosechas del Valle', 'Claudia Romero', 1),
(18, 'Frutos de la Tierra', 'Antonio Pérez', 1),
(19, 'Productores del Campo', 'Margarita Ramírez', 1),
(20, 'AgroMaster', 'Gerardo Díaz', 1),
(21, 'Verduras Frescas', 'Ricardo Hernández', 1),
(22, 'AgroPlanta', 'Isabel Gómez', 1),
(23, 'Campestre', 'Fernando Sánchez', 1),
(24, 'Frutales del Oeste', 'Luis Torres', 1),
(25, 'Tierra Viva', 'Carlos Ruiz', 1),
(26, 'Hortalizas del Norte', 'José Martínez', 1),
(27, 'Raíz y Fruto', 'Alejandra López', 1),
(28, 'Finca Orgánica', 'Pablo García', 1),
(29, 'Semillas del Norte', 'Sandra Rodríguez', 1),
(30, 'Campo Tropical', 'Juan González', 1),
(31, 'Productores Locales', 'Eva Fernández', 1),
(32, 'AgroCampo', 'Martín Pérez', 1),
(33, 'Frutas del Campo', 'Lorena Torres', 1),
(34, 'Tierra del Sur', 'Ricardo Martínez', 1),
(35, 'Cosechas Frescas', 'María Torres', 1),
(36, 'Campo Verde', 'Juan Carlos Díaz', 1),
(37, 'Fruto Nuevo', 'Carlos López', 1),
(38, 'AgroRevolución', 'Patricia Sánchez', 1),
(39, 'Sierra Verde', 'Héctor García', 1),
(40, 'Granja El Sol', 'Sandra Ruiz', 1),
(41, 'Cultivos del Norte', 'Carlos Fernández', 1),
(42, 'Finca Agropecuaria', 'Isabel Pérez', 1),
(43, 'Frutales S.A.', 'Manuel Martínez', 1),
(44, 'Hortalizas Orgánicas', 'Alba García', 1),
(45, 'AgroAlimentos', 'Beatriz Hernández', 1),
(46, 'Campos del Valle', 'Luis González', 1),
(47, 'Verde Campo', 'José Pérez', 1),
(48, 'Frutos de la Tierra', 'Raquel Romero', 1),
(49, 'AgroFuturo', 'María Fernández', 1),
(50, 'Cosechas Locales', 'Antonio López', 1);


INSERT INTO insumos (id_insumo, nombre) VALUES
(1, 'Semillas de maíz'),
(2, 'Fertilizante orgánico'),
(3, 'Agua mineral'),
(4, 'Abono compost'),
(5, 'Plántulas de tomate'),
(6, 'Plántulas de pepino'),
(7, 'Pesticida natural'),
(8, 'Abono de nitrógeno'),
(9, 'Sustrato para siembra'),
(10, 'Plántulas de zanahoria'),
(11, 'Sustrato para cactus'),
(12, 'Fertilizante para frutas'),
(13, 'Césped para siembra'),
(14, 'Hormonas de crecimiento'),
(15, 'Plántulas de lechuga'),
(16, 'Plántulas de pimiento'),
(17, 'Sustrato para cultivo de hongos'),
(18, 'Sistemas de riego'),
(19, 'Semillas de pepitas'),
(20, 'Alimento para animales'),
(21, 'Sustrato para suculentas'),
(22, 'Plántulas de berenjena'),
(23, 'Plántulas de pepino de campo'),
(24, 'Sustrato para orquídeas'),
(25, 'Fertilizante para hortalizas'),
(26, 'Abono de fósforo'),
(27, 'Cápsulas de nutrientes'),
(28, 'Piedra caliza para el suelo'),
(29, 'Semillas de sandía'),
(30, 'Semillas de frijoles'),
(31, 'Sustrato para bonsái'),
(32, 'Fertilizante de calcio'),
(33, 'Sistemas de hidroponía'),
(34, 'Sustrato para fresa'),
(35, 'Alambre para riego por goteo'),
(36, 'Alimento para pollos'),
(37, 'Alimento para vacas'),
(38, 'Bultos de tierra fértil'),
(39, 'Nitrato de potasio'),
(40, 'Plántulas de cebolla'),
(41, 'Sustrato para plantas de interior'),
(42, 'Plántulas de apio'),
(43, 'Pesticida contra insectos'),
(44, 'Hormonas para enraizar'),
(45, 'Fungicida para hortalizas'),
(46, 'Semillas de arveja'),
(47, 'Semillas de alfalfa'),
(48, 'Fertilizante líquido para plantas'),
(49, 'Alimento para caballos'),
(50, 'Plántulas de repollo');

INSERT INTO pais (id_pais, nombre, id_continente) VALUES
(1, 'Argentina', 1),
(2, 'Brasil', 1),
(3, 'Chile', 1),
(4, 'España', 2),
(5, 'Francia', 2),
(6, 'Alemania', 2),
(7, 'México', 1),
(8, 'Estados Unidos', 1),
(9, 'Colombia', 1),
(10, 'Perú', 1),
(11, 'Italia', 2),
(12, 'Reino Unido', 2),
(13, 'Canadá', 1),
(14, 'Australia', 3),
(15, 'Nueva Zelanda', 3),
(16, 'China', 3),
(17, 'Japón', 3),
(18, 'India', 3),
(19, 'Pakistán', 3),
(20, 'Indonesia', 3),
(21, 'Sudáfrica', 4),
(22, 'Egipto', 4),
(23, 'Nigeria', 4),
(24, 'Kenya', 4),
(25, 'Rusia', 5),
(26, 'Polonia', 5),
(27, 'Suecia', 5),
(28, 'Noruega', 5),
(29, 'Finlandia', 5),
(30, 'Islandia', 5),
(31, 'Turquía', 5),
(32, 'Irán', 5),
(33, 'Arabia Saudita', 5),
(34, 'Emiratos Árabes Unidos', 5),
(35, 'Israel', 5),
(36, 'Líbano', 5),
(37, 'Jordania', 5),
(38, 'Tailandia', 3),
(39, 'Vietnam', 3),
(40, 'Malasia', 3),
(41, 'Filipinas', 3),
(42, 'Corea del Sur', 3),
(43, 'Bangladesh', 3),
(44, 'Nepal', 3),
(45, 'Sri Lanka', 3),
(46, 'Mongolia', 3),
(47, 'Kazajistán', 3),
(48, 'Uzbekistán', 3),
(49, 'Afganistán', 3),
(50, 'Tanzania', 4);

INSERT INTO ciudad (id_ciudad, nombre, id_pais) VALUES
(1, 'Buenos Aires', 1),
(2, 'São Paulo', 2),
(3, 'Santiago', 3),
(4, 'Madrid', 4),
(5, 'París', 5),
(6, 'Berlín', 6),
(7, 'Ciudad de México', 7),
(8, 'Nueva York', 8),
(9, 'Bogotá', 9),
(10, 'Lima', 10),
(11, 'Roma', 11),
(12, 'Londres', 12),
(13, 'Toronto', 13),
(14, 'Sidney', 14),
(15, 'Auckland', 15),
(16, 'Pekín', 16),
(17, 'Tokio', 17),
(18, 'Nueva Delhi', 18),
(19, 'Karachi', 19),
(20, 'Yakarta', 20),
(21, 'Johannesburgo', 21),
(22, 'El Cairo', 22),
(23, 'Lagos', 23),
(24, 'Nairobi', 24),
(25, 'Moscú', 25),
(26, 'Cracovia', 26),
(27, 'Estocolmo', 27),
(28, 'Oslo', 28),
(29, 'Helsinki', 29),
(30, 'Reikiavik', 30),
(31, 'Estambul', 31),
(32, 'Teherán', 32),
(33, 'Riad', 33),
(34, 'Dubai', 34),
(35, 'Tel Aviv', 35),
(36, 'Beirut', 36),
(37, 'Amán', 37),
(38, 'Bangkok', 38),
(39, 'Hanói', 39),
(40, 'Kuala Lumpur', 40),
(41, 'Manila', 41),
(42, 'Seúl', 42),
(43, 'Daca', 43),
(44, 'Kathmandú', 44),
(45, 'Colombo', 45),
(46, 'Ulaanbaatar', 46),
(47, 'Almatý', 47),
(48, 'Taskent', 48),
(49, 'Kabul', 49),
(50, 'Dar es Salaam', 50);


INSERT INTO direccion (id_direccion, direccion, id_ciudad) VALUES
(1, 'Av. Corrientes 1234', 1),
(2, 'Rua dos Três Irmãos 567', 2),
(3, 'Calle del Libertador 789', 3),
(4, 'Calle Gran Vía 100', 4),
(5, 'Rue de Rivoli 250', 5),
(6, 'Unter den Linden 200', 6),
(7, 'Paseo de la Reforma 111', 7),
(8, '5th Ave 900', 8),
(9, 'Calle 26 #45', 9),
(10, 'Av. Pardo y Aliaga 500', 10),
(11, 'Viale Regina Margherita 150', 11),
(12, 'Oxford St. 200', 12),
(13, 'Yonge St. 2200', 13),
(14, 'George St. 80', 14),
(15, 'Queen St. 50', 15),
(16, 'Chang’an Ave 400', 16),
(17, 'Tamagawa St. 800', 17),
(18, 'Rajpath 100', 18),
(19, 'M.A. Jinnah Road 300', 19),
(20, 'Jalan Sudirman 200', 20),
(21, 'Ninth Avenue 120', 21),
(22, 'Tahrir Square 10', 22),
(23, 'Allen Avenue 60', 23),
(24, 'Moi Avenue 150', 24),
(25, 'Tverskaya St. 50', 25),
(26, 'Krakowskie Przedmieście 70', 26),
(27, 'Drottninggatan 100', 27),
(28, 'Karl Johans gate 10', 28),
(29, 'Esplanadi 50', 29),
(30, 'Laugavegur 100', 30),
(31, 'İstiklal Caddesi 100', 31),
(32, 'Vali Asr St. 500', 32),
(33, 'King Saud St. 30', 33),
(34, 'Sheikh Zayed Rd 400', 34),
(35, 'Herzog Street 10', 35),
(36, 'Hamra St. 80', 36),
(37, 'King Hussein St. 200', 37),
(38, 'Sukhumvit Road 100', 38),
(39, 'Hang Bac St. 15', 39),
(40, 'Jalan Bukit Bintang 5', 40),
(41, 'Bonifacio High Street 50', 41),
(42, 'Dongdaemun Street 500', 42),
(43, 'Sadarghat 20', 43),
(44, 'Durbar Marg 10', 44),
(45, 'Galle Road 30', 45),
(46, 'Chinggis Square 10', 46),
(47, 'Abay Ave 200', 47),
(48, 'Oloy St. 50', 48),
(49, 'Shahr-e Naw 60', 49),
(50, 'Nkrumah Ave 100', 50);

INSERT INTO finca (id_finca, nombre, id_direccion) VALUES
(1, 'Finca El Roble', 1)

INSERT INTO compras (id_compra, id_proveedor, fecha_compra, total) VALUES
(1, 1, '2024-10-01 10:30:00', 1200.50),
(2, 2, '2024-10-03 14:15:00', 1500.00),
(3, 3, '2024-10-04 09:00:00', 1800.75),
(4, 4, '2024-10-06 11:20:00', 1100.30),
(5, 5, '2024-10-08 13:10:00', 1400.00),
(6, 6, '2024-10-09 15:40:00', 1600.00),
(7, 7, '2024-10-10 17:00:00', 2000.50),
(8, 8, '2024-10-11 09:30:00', 1900.25),
(9, 9, '2024-10-12 16:00:00', 2200.00),
(10, 10, '2024-10-13 10:10:00', 2500.75),
(11, 11, '2024-10-14 14:50:00', 1300.80),
(12, 12, '2024-10-15 11:30:00', 1450.20),
(13, 13, '2024-10-16 13:45:00', 2100.00),
(14, 14, '2024-10-17 09:10:00', 2200.50),
(15, 15, '2024-10-18 12:30:00', 1500.60),
(16, 16, '2024-10-19 14:00:00', 1900.10),
(17, 17, '2024-10-20 10:15:00', 1600.00),
(18, 18, '2024-10-21 13:30:00', 1300.00),
(19, 19, '2024-10-22 11:45:00', 2200.00),
(20, 20, '2024-10-23 09:20:00', 2500.00),
(21, 21, '2024-10-24 10:30:00', 1350.25),
(22, 22, '2024-10-25 11:50:00', 1450.75),
(23, 23, '2024-10-26 13:20:00', 1550.00),
(24, 24, '2024-10-27 14:10:00', 1650.30),
(25, 25, '2024-10-28 09:35:00', 1750.50),
(26, 26, '2024-10-29 16:00:00', 1850.20),
(27, 27, '2024-10-30 11:10:00', 1950.80),
(28, 28, '2024-11-01 13:15:00', 2050.60),
(29, 29, '2024-11-02 09:25:00', 2150.90),
(30, 30, '2024-11-03 10:50:00', 2250.40),
(31, 31, '2024-11-04 11:55:00', 2350.00),
(32, 32, '2024-11-05 13:30:00', 2450.75),
(33, 33, '2024-11-06 10:15:00', 2550.10),
(34, 34, '2024-11-07 14:40:00', 2650.00),
(35, 35, '2024-11-08 12:05:00', 2750.25),
(36, 36, '2024-11-09 13:30:00', 2850.00),
(37, 37, '2024-11-10 09:40:00', 2950.00),
(38, 38, '2024-11-11 10:55:00', 3050.60),
(39, 39, '2024-11-12 11:30:00', 3150.90),
(40, 40, '2024-11-13 13:00:00', 3250.00),
(41, 41, '2024-11-14 12:25:00', 3350.50),
(42, 42, '2024-11-15 14:10:00', 3450.75),
(43, 43, '2024-11-16 09:55:00', 3550.80),
(44, 44, '2024-11-17 13:20:00', 3650.90),
(45, 45, '2024-11-18 11:40:00', 3750.00),
(46, 46, '2024-11-19 14:35:00', 3850.10),
(47, 47, '2024-11-20 09:45:00', 3950.40),
(48, 48, '2024-11-21 13:05:00', 4050.50),
(49, 49, '2024-11-22 10:25:00', 4150.60),
(50, 50, '2024-11-23 12:00:00', 4250.80);


INSERT INTO unidad_medida (id_unidad_de_medida, nombre) VALUES
(1, 'Kg'),
(2, 'L'),
(3, 'Unidad'),
(4, 'Caja'),
(5, 'Saco'),
(6, 'Docena'),
(7, 'Litro'),
(8, 'Gramo'),
(9, 'Botella'),
(10, 'Metro'),
(11, 'Paquete'),
(12, 'Bulto'),
(13, 'Ramo'),
(14, 'Cesta'),
(15, 'Caja de cartón'),
(16, 'Pieza'),
(17, 'Lata'),
(18, 'Tetra Pak'),
(19, 'Cartón'),
(20, 'Barril');


INSERT INTO precio_venta_u_medida (id_precio_venta_u_medida, valor) VALUES
(1, 5.50),
(2, 4.20),
(3, 3.80),
(4, 7.10),
(5, 2.80),
(6, 1.50),
(7, 2.10),
(8, 1.40),
(9, 1.20),
(10, 4.00),
(11, 0.90),
(12, 3.80),
(13, 6.00),
(14, 0.70),
(15, 1.20),
(16, 2.00),
(17, 2.50),
(18, 2.60),
(19, 5.00),
(20, 4.50),
(21, 0.85),
(22, 0.95),
(23, 3.90),
(24, 1.00),
(25, 3.60),
(26, 2.90),
(27, 1.75),
(28, 3.20),
(29, 2.50),
(30, 1.60),
(31, 1.10),
(32, 2.20),
(33, 4.40),
(34, 5.10),
(35, 0.80),
(36, 2.70),
(37, 3.30),
(38, 5.40),
(39, 4.90),
(40, 3.00),
(41, 1.50),
(42, 4.00),
(43, 2.10),
(44, 6.20),
(45, 1.00),
(46, 2.30),
(47, 5.00),
(48, 4.70),
(49, 2.90),
(50, 1.80);

INSERT INTO clientes (id_cliente, nombre, telefono_cliente, email_cliente) VALUES
(1, 'Juan Pérez', '555-1234', 'juanperez@email.com'),
(2, 'Maria Gómez', '555-5678', 'mariagomez@email.com'),
(3, 'Carlos López', '555-9876', 'carloslopez@email.com'),
(4, 'Ana Martínez', '555-1357', 'anamartinez@email.com'),
(5, 'Pedro Sánchez', '555-2468', 'pedrosanchez@email.com'),
(6, 'Lucía Torres', '555-3690', 'luciatorres@email.com'),
(7, 'Luis Fernández', '555-8529', 'luisfernandez@email.com'),
(8, 'Eva Ramírez', '555-1470', 'evaramirez@email.com'),
(9, 'Javier Díaz', '555-2460', 'javierdiaz@email.com'),
(10, 'Sofía Rodríguez', '555-3579', 'sofiarodriguez@email.com'),
(11, 'José Pérez', '555-4682', 'joseperez@email.com'),
(12, 'Cristina Martín', '555-5791', 'cristinamartin@email.com'),
(13, 'Raúl González', '555-6800', 'raulgonzalez@email.com'),
(14, 'María Luisa Díaz', '555-7911', 'marialuisadiaz@email.com'),
(15, 'Fernando Suárez', '555-8022', 'fernandosuarez@email.com'),
(16, 'Claudia Álvarez', '555-9133', 'claudiaalvarez@email.com'),
(17, 'Carlos Martínez', '555-0244', 'carlosmartinez@email.com'),
(18, 'Verónica Díaz', '555-1355', 'veronicadiaz@email.com'),
(19, 'Miguel Hernández', '555-2465', 'miguelhernandez@email.com'),
(20, 'Pablo González', '555-3576', 'pablogonzalez@email.com'),
(21, 'Gabriel Ruiz', '555-4687', 'gabrielruiz@email.com'),
(22, 'Laura Mendoza', '555-5792', 'lauramendoza@email.com'),
(23, 'Ricardo Castro', '555-6801', 'ricardocastro@email.com'),
(24, 'Sandra Morales', '555-7912', 'sandramorales@email.com'),
(25, 'Ángel Ortiz', '555-8023', 'angelortiz@email.com'),
(26, 'Paula Gil', '555-9134', 'paulargil@email.com'),
(27, 'Sergio Romero', '555-0245', 'sergioromero@email.com'),
(28, 'Lorena Vargas', '555-1356', 'lorenavargas@email.com'),
(29, 'Isabel Navarro', '555-2466', 'isabelnavarro@email.com'),
(30, 'Rafael Vega', '555-3577', 'rafaelvega@email.com'),
(31, 'Elena Ramírez', '555-4688', 'elenaramirez@email.com'),
(32, 'Rodrigo Castro', '555-5793', 'rodrigocastro@email.com'),
(33, 'Diana Silva', '555-6802', 'dianasilva@email.com'),
(34, 'Oscar Rivera', '555-7913', 'oscarivera@email.com'),
(35, 'Patricia Reyes', '555-8024', 'patriciareyes@email.com'),
(36, 'Andrés Flores', '555-9135', 'andresflores@email.com'),
(37, 'Manuel León', '555-0246', 'manuelleon@email.com'),
(38, 'Estefanía Ríos', '555-1358', 'estefaniarios@email.com'),
(39, 'Víctor Ibáñez', '555-2467', 'victoribanez@email.com'),
(40, 'Sonia Medina', '555-3578', 'soniamedina@email.com'),
(41, 'Gonzalo Romero', '555-4689', 'gonzaloromero@email.com'),
(42, 'Rebeca Lozano', '555-5794', 'rebecalozano@email.com'),
(43, 'Hugo Soto', '555-6803', 'hugosoto@email.com'),
(44, 'Natalia Herrera', '555-7914', 'nataliaherrera@email.com'),
(45, 'Iván Pérez', '555-8025', 'ivanperez@email.com'),
(46, 'Emilia Durán', '555-9136', 'emiliaduran@email.com'),
(47, 'David Morales', '555-0247', 'davidmorales@email.com'),
(48, 'Victoria Campos', '555-1359', 'victoriacampos@email.com'),
(49, 'Felipe Gómez', '555-2469', 'felipegomez@email.com'),
(50, 'Gloria Ortiz', '555-3579', 'gloriaortiz@email.com');


INSERT INTO empleados (id_empleado, id_cargo, nombre, salario, correo, id_estado_empleado) VALUES
(1, 1, 'Pedro González', 2500.00, 'pedrogonzalez@empresa.com', 1),
(2, 2, 'Laura Sánchez', 2200.00, 'laurasanchez@empresa.com', 2),
(3, 3, 'Carlos Méndez', 2300.00, 'carlosmendez@empresa.com', 3),
(4, 4, 'Ana Ruiz', 2100.00, 'anaruiz@empresa.com', 1),
(5, 5, 'José Pérez', 2400.00, 'joseperez@empresa.com', 2),
(6, 1, 'María Torres', 2600.00, 'mariat@empresa.com', 3),
(7, 2, 'Miguel García', 2200.00, 'miguelgarcia@empresa.com', 1),
(8, 3, 'Elena López', 2000.00, 'elenalopez@empresa.com', 2),
(9, 4, 'Antonio Ramírez', 2300.00, 'antonioramirez@empresa.com', 3),
(10, 5, 'Sandra Díaz', 2100.00, 'sandradiaz@empresa.com', 1),
(11, 1, 'Juan Hernández', 2400.00, 'juanhernandez@empresa.com', 2),
(12, 2, 'Claudia Jiménez', 2500.00, 'claudiajimenez@empresa.com', 3),
(13, 3, 'David González', 2300.00, 'davidgonzalez@empresa.com', 1),
(14, 4, 'Inés Martínez', 2200.00, 'inesmartinez@empresa.com', 2),
(15, 5, 'Raúl Castro', 2400.00, 'raulcastro@empresa.com', 3),
(16, 1, 'Marta Rodríguez', 2600.00, 'martarodriguez@empresa.com', 1),
(17, 2, 'José Luis Pérez', 2200.00, 'joseluisperez@empresa.com', 2),
(18, 3, 'Luis Sánchez', 2300.00, 'luissanchez@empresa.com', 3),
(19, 4, 'Esther García', 2100.00, 'esthergarcia@empresa.com', 1),
(20, 5, 'Fernando López', 2400.00, 'fernandolopez@empresa.com', 2),
(21, 1, 'Ricardo Gómez', 2500.00, 'ricardogomez@empresa.com', 3),
(22, 2, 'Beatriz Fernández', 2400.00, 'beatrizfernandez@empresa.com', 1),
(23, 3, 'Sergio Romero', 2300.00, 'sergioromero@empresa.com', 2),
(24, 4, 'Cristina Vázquez', 2100.00, 'cristinavazquez@empresa.com', 3),
(25, 5, 'Raquel Martín', 2200.00, 'raquelmartin@empresa.com', 1),
(26, 1, 'Oscar Ruiz', 2400.00, 'oscarruiz@empresa.com', 2),
(27, 2, 'Martín Pérez', 2500.00, 'martinperez@empresa.com', 3),
(28, 3, 'David López', 2300.00, 'davidlopez@empresa.com', 1),
(29, 4, 'Juan Antonio García', 2200.00, 'juanantoniogarcia@empresa.com', 2),
(30, 5, 'Raúl Fernández', 2400.00, 'raulfernandez@empresa.com', 3),
(31, 1, 'Verónica Martínez', 2500.00, 'veronicamartinez@empresa.com', 1),
(32, 2, 'Lucía López', 2400.00, 'lucialopez@empresa.com', 2),
(33, 3, 'Carlos Fernández', 2300.00, 'carlosfernandez@empresa.com', 3),
(34, 4, 'Eva González', 2200.00, 'evagonzalez@empresa.com', 1),
(35, 5, 'Alberto Pérez', 2100.00, 'albertoperez@empresa.com', 2),
(36, 1, 'Juan Manuel Pérez', 2400.00, 'juanmanuelperez@empresa.com', 3),
(37, 2, 'Carmen Castro', 2200.00, 'carmencastro@empresa.com', 1),
(38, 3, 'Patricia Ramírez', 2500.00, 'patriciaramirez@empresa.com', 2),
(39, 4, 'Daniel Jiménez', 2300.00, 'danieljimenez@empresa.com', 3),
(40, 5, 'Susana Ruiz', 2400.00, 'susanaruiz@empresa.com', 1),
(41, 1, 'Óscar González', 2200.00, 'oscar@empresa.com', 2),
(42, 2, 'Mónica Pérez', 2300.00, 'monica@empresa.com', 3),
(43, 3, 'Antonio Ruiz', 2400.00, 'antonio@empresa.com', 1),
(44, 4, 'Victoria Gómez', 2500.00, 'victoria@empresa.com', 2),
(45, 5, 'Emilio López', 2100.00, 'emilio@empresa.com', 3),
(46, 1, 'Marcos Rodríguez', 2400.00, 'marcos@empresa.com', 2),
(47, 2, 'Laura Fernández', 2300.00, 'laura@empresa.com', 3),
(48, 3, 'Adriana Jiménez', 2500.00, 'adriana@empresa.com', 1),
(49, 4, 'José María Ramírez', 2200.00, 'josemaria@empresa.com', 2),
(50, 5, 'Santiago Martín', 2400.00, 'santiago@empresa.com', 3);


INSERT INTO clientes (id_cliente, nombre, telefono_cliente, email_cliente) VALUES
(1, 'Ana Gómez', '601234567', 'ana.gomez@mail.com'),
(2, 'Luis Martínez', '602345678', 'luis.martinez@mail.com'),
(3, 'Carlos Sánchez', '603456789', 'carlos.sanchez@mail.com'),
(4, 'Beatriz López', '604567890', 'beatriz.lopez@mail.com'),
(5, 'Marta Rodríguez', '605678901', 'marta.rodriguez@mail.com'),
(6, 'David Pérez', '606789012', 'david.perez@mail.com'),
(7, 'Sandra Gómez', '607890123', 'sandra.gomez@mail.com'),
(8, 'José García', '608901234', 'jose.garcia@mail.com'),
(9, 'María Fernández', '609012345', 'maria.fernandez@mail.com'),
(10, 'Pedro Ruiz', '610123456', 'pedro.ruiz@mail.com'),
(11, 'Laura Ramírez', '611234567', 'laura.ramirez@mail.com'),
(12, 'Felipe Díaz', '612345678', 'felipe.diaz@mail.com'),
(13, 'Luis González', '613456789', 'luis.gonzalez@mail.com'),
(14, 'Carmen Castro', '614567890', 'carmen.castro@mail.com'),
(15, 'Juan Sánchez', '615678901', 'juan.sanchez@mail.com'),
(16, 'Ricardo López', '616789012', 'ricardo.lopez@mail.com'),
(17, 'Cristina Vázquez', '617890123', 'cristina.vazquez@mail.com'),
(18, 'David Romero', '618901234', 'david.romero@mail.com'),
(19, 'Raúl Martínez', '619012345', 'raul.martinez@mail.com'),
(20, 'Raquel Pérez', '620123456', 'raquel.perez@mail.com'),
(21, 'Esther Gómez', '621234567', 'esther.gomez@mail.com'),
(22, 'José Manuel García', '622345678', 'josemanuel.garcia@mail.com'),
(23, 'Eva Fernández', '623456789', 'eva.fernandez@mail.com'),
(24, 'Antonio Ramírez', '624567890', 'antonio.ramirez@mail.com'),
(25, 'Santiago López', '625678901', 'santiago.lopez@mail.com'),
(26, 'Verónica Sánchez', '626789012', 'veronica.sanchez@mail.com'),
(27, 'Sergio Pérez', '627890123', 'sergio.perez@mail.com'),
(28, 'Claudia González', '628901234', 'claudia.gonzalez@mail.com'),
(29, 'Marina Castro', '629012345', 'marina.castro@mail.com'),
(30, 'Alberto Ramírez', '630123456', 'alberto.ramirez@mail.com'),
(31, 'Patricia Ruiz', '631234567', 'patricia.ruiz@mail.com'),
(32, 'Antonio Díaz', '632345678', 'antonio.diaz@mail.com'),
(33, 'Ana Rodríguez', '633456789', 'ana.rodriguez@mail.com'),
(34, 'Elena Gómez', '634567890', 'elena.gomez@mail.com'),
(35, 'José Fernández', '635678901', 'jose.fernandez@mail.com'),
(36, 'Lucía Vázquez', '636789012', 'lucia.vazquez@mail.com'),
(37, 'Carlos García', '637890123', 'carlos.garcia@mail.com'),
(38, 'Pablo López', '638901234', 'pablo.lopez@mail.com'),
(39, 'Cristina Pérez', '639012345', 'cristina.perez@mail.com'),
(40, 'Raúl Ramírez', '640123456', 'raul.ramirez@mail.com'),
(41, 'Miguel Sánchez', '641234567', 'miguel.sanchez@mail.com'),
(42, 'Carmen Díaz', '642345678', 'carmen.diaz@mail.com'),
(43, 'Ricardo Martínez', '643456789', 'ricardo.martinez@mail.com'),
(44, 'María Ramírez', '644567890', 'maria.ramirez@mail.com'),
(45, 'José Luis López', '645678901', 'joseluis.lopez@mail.com'),
(46, 'Sergio Fernández', '646789012', 'sergio.fernandez@mail.com'),
(47, 'Antonio González', '647890123', 'antonio.gonzalez@mail.com'),
(48, 'David Sánchez', '648901234', 'david.sanchez@mail.com'),
(49, 'Ana Fernández', '649012345', 'ana.fernandez@mail.com'),
(50, 'Carlos Ramírez', '650123456', 'carlos.ramirez@mail.com');

INSERT INTO compras (id_compra, id_proveedor, fecha_compra, total) VALUES
(1, 1, '2024-10-01', 200.00),
(2, 2, '2024-10-02', 300.00),
(3, 3, '2024-10-03', 150.00),
(4, 4, '2024-10-04', 250.00),
(5, 5, '2024-10-05', 100.00),
(6, 6, '2024-10-06', 350.00),
(7, 7, '2024-10-07', 500.00),
(8, 8, '2024-10-08', 450.00),
(9, 9, '2024-10-09', 600.00),
(10, 10, '2024-10-10', 750.00),
(11, 11, '2024-10-11', 800.00),
(12, 12, '2024-10-12', 350.00),
(13, 13, '2024-10-13', 200.00),
(14, 14, '2024-10-14', 250.00),
(15, 15, '2024-10-15', 300.00),
(16, 16, '2024-10-16', 150.00),
(17, 17, '2024-10-17', 450.00),
(18, 18, '2024-10-18', 500.00),
(19, 19, '2024-10-19', 400.00),
(20, 20, '2024-10-20', 200.00),
(21, 21, '2024-10-21', 250.00),
(22, 22, '2024-10-22', 300.00),
(23, 23, '2024-10-23', 150.00),
(24, 24, '2024-10-24', 350.00),
(25, 25, '2024-10-25', 500.00),
(26, 26, '2024-10-26', 450.00),
(27, 27, '2024-10-27', 600.00),
(28, 28, '2024-10-28', 750.00),
(29, 29, '2024-10-29', 800.00),
(30, 30, '2024-10-30', 350.00),
(31, 31, '2024-10-31', 200.00),
(32, 32, '2024-11-01', 250.00),
(33, 33, '2024-11-02', 300.00),
(34, 34, '2024-11-03', 150.00),
(35, 35, '2024-11-04', 450.00),
(36, 36, '2024-11-05', 500.00),
(37, 37, '2024-11-06', 400.00),
(38, 38, '2024-11-07', 200.00),
(39, 39, '2024-11-08', 250.00),
(40, 40, '2024-11-09', 300.00),
(41, 41, '2024-11-10', 150.00),
(42, 42, '2024-11-11', 350.00),
(43, 43, '2024-11-12', 500.00),
(44, 44, '2024-11-13', 450.00),
(45, 45, '2024-11-14', 600.00),
(46, 46, '2024-11-15', 750.00),
(47, 47, '2024-11-16', 800.00),
(48, 48, '2024-11-17', 350.00),
(49, 49, '2024-11-18', 200.00),
(50, 50, '2024-11-19', 250.00);

INSERT INTO tipo_proceso (id_tipo_proceso, nombre) VALUES
(1, 'Siembra'),
(2, 'Riego'),
(3, 'Cosecha'),
(4, 'Fertilización'),
(5, 'Poda'),
(6, 'Control de Plagas'),
(7, 'Tratamiento de Suelos'),
(8, 'Siembra Directa'),
(9, 'Preparación de Terreno'),
(10, 'Transplante'),
(11, 'Eliminación de Maleza'),
(12, 'Recolección'),
(13, 'Corte de Frutos'),
(14, 'Replantación'),
(15, 'Abono'),
(16, 'Insecticida'),
(17, 'Limpieza de Canales'),
(18, 'Papelado de Plantas'),
(19, 'Escarda'),
(20, 'Desinfección'),
(21, 'Rotación de Cultivos'),
(22, 'Establecimiento de Senderos'),
(23, 'Segregación de Semillas'),
(24, 'Enjuague de Granos'),
(25, 'Revisión de Irrigación'),
(26, 'Monitoreo de Temperatura'),
(27, 'Control de Viento'),
(28, 'Revisión de Humedad'),
(29, 'Conservación de Energía'),
(30, 'Pintura de Herramientas'),
(31, 'Sombreado de Plantas'),
(32, 'Desinfección de Equipos'),
(33, 'Manejo de Residuos'),
(34, 'Evaluación de Resultados'),
(35, 'Explotación de Cultivos'),
(36, 'Investigación de Suelo'),
(37, 'Protección contra Heladas'),
(38, 'Monitoreo de Lluvias'),
(39, 'Manejo de Sustratos'),
(40, 'Deforestación Controlada'),
(41, 'Reforestación'),
(42, 'Preservación de Especies'),
(43, 'Manejo de la Biodiversidad'),
(44, 'Cuidado de Plantas Juveniles'),
(45, 'Cultivo en Invernadero'),
(46, 'Desarrollo de Variedades'),
(47, 'Selección de Semillas'),
(48, 'Mantenimiento de Sistemas de Riego'),
(49, 'Almacenaje de Granos'),
(50, 'Venta de Productos Agrícolas');

INSERT INTO procesos (id_proceso, nombre, id_tipo_proceso) VALUES
(1, 'Siembra de Trigo', 1),
(2, 'Siembra de Maíz', 1),
(3, 'Cosecha de Trigo', 3),
(4, 'Cosecha de Maíz', 3),
(5, 'Poda de Árboles Frutales', 5),
(6, 'Fertilización del Suelo', 4),
(7, 'Riego por Goteo', 2),
(8, 'Control de Plagas con Pesticidas', 6),
(9, 'Abonado de Cultivos', 15),
(10, 'Eliminación de Maleza', 11),
(11, 'Cosecha de Frutos de Tomate', 3),
(12, 'Poda de Tomates', 5),
(13, 'Control de Insectos en Cultivos', 6),
(14, 'Control de Enfermedades de Plantas', 6),
(15, 'Recolección de Hortalizas', 13),
(16, 'Riego por Aspersión', 2),
(17, 'Preparación de Tierra para Siembra', 9),
(18, 'Monitoreo de Clima', 27),
(19, 'Protección de Cultivos contra Heladas', 37),
(20, 'Tratamiento de Plagas de Insectos', 6),
(21, 'Cultivo de Plantas Aromáticas', 19),
(22, 'Plantación de Semillas de Soja', 1),
(23, 'Rotación de Cultivos de Maíz y Soja', 21),
(24, 'Cosecha de Arándanos', 3),
(25, 'Control de Maleza con Herbicidas', 11),
(26, 'Instalación de Sistema de Riego', 27),
(27, 'Almacenaje de Granos', 49),
(28, 'Clasificación de Semillas', 23),
(29, 'Transplante de Plantas', 14),
(30, 'Cultivo de Fresas', 19),
(31, 'Cosecha de Hortalizas', 3),
(32, 'Replantación de Cultivos', 14),
(33, 'Examinación de Suelos', 36),
(34, 'Monitoreo de Producción', 34),
(35, 'Mantenimiento de Equipos de Riego', 48),
(36, 'Cultivo de Hierbas Medicinales', 19),
(37, 'Cosecha de Frutos de Pimiento', 13),
(38, 'Monitoreo de Lluvias y Humedad', 28),
(39, 'Revisión de Sistema de Riego', 25),
(40, 'Recogida de Semillas', 22),
(41, 'Cultivo en Invernadero', 45),
(42, 'Monitoreo de Plagas de Insectos', 6),
(43, 'Reforestación de Zonas Agrícolas', 42),
(44, 'Producción de Leche', 20),
(45, 'Cosecha de Uvas', 3),
(46, 'Desarrollo de Variedades de Maíz', 46),
(47, 'Producción de Alimentos Balanceados para Animales', 43),
(48, 'Control de Humedad en Suelos', 29),
(49, 'Cosecha de Apio', 3),
(50, 'Control de Temperatura en Invernadero', 37);


INSERT INTO maquinaria (id_maquina, nombre, id_tipo_maquina) VALUES
(1, 'Tractor', 1),
(2, 'Cosechadora', 1),
(3, 'Arado', 1),
(4, 'Cortadora de Césped', 2),
(5, 'Desmalezadora', 2),
(6, 'Máquina de Riego', 3),
(7, 'Sembradora', 1),
(8, 'Cisterna de Agua', 3),
(9, 'Poda Hidráulica', 2),
(10, 'Pulverizadora', 2),
(11, 'Fumigadora', 2),
(12, 'Escavadora', 1),
(13, 'Motocultor', 1),
(14, 'Cargadora Frontal', 1),
(15, 'Camión Volquete', 4),
(16, 'Báscula de Carga', 5),
(17, 'Trituradora de Ramas', 2),
(18, 'Grúa', 4),
(19, 'Generador de Energía', 5),
(20, 'Tractor de Orugas', 1),
(21, 'Elevadora', 5),
(22, 'Cosechadora de Frutos', 1),
(23, 'Cortadora de Árboles', 2),
(24, 'Reja', 1),
(25, 'Pica-Piedras', 3),
(26, 'Planta de Compostaje', 3),
(27, 'Cisternas de Fertilizante', 3),
(28, 'Cosechadora de Uvas', 1),
(29, 'Cosechadora de Frutales', 1),
(30, 'Grúa de Elevación', 4),
(31, 'Máquina de Reciclaje', 5),
(32, 'Vibradora de Suelos', 1),
(33, 'Rodillo Compactador', 1),
(34, 'Bomba de Agua', 3),
(35, 'Montacargas', 4),
(36, 'Fresadora de Suelos', 1),
(37, 'Generador de Oxígeno', 5),
(38, 'Enfardadora', 1),
(39, 'Lavadora de Cítricos', 5),
(40, 'Desintegradora de Ramas', 2),
(41, 'Cinta Transportadora', 5),
(42, 'Compresora de Aire', 5),
(43, 'Máquina de Empaque', 5),
(44, 'Secadora de Granos', 5),
(45, 'Cosechadora de Tomate', 1),
(46, 'Rastrillo', 2),
(47, 'Balanza de Precisión', 5),
(48, 'Hormigonera', 5),
(49, 'Trituradora de Residuos', 2),
(50, 'Descompactadora de Suelos', 1);


INSERT INTO tipo_maquina (id_tipo_maquina, nombre, modelo) VALUES
(1, 'Maquinaria agrícola', 'John Deere 3038'),
(2, 'Herramientas de poda', 'Makita BEC220'),
(3, 'Sistemas de riego', 'Hunter PGP'),
(4, 'Vehículos y maquinaria pesada', 'Caterpillar D6N'),
(5, 'Equipos de procesamiento', 'Bosch Serie 6'),
(6, 'Generadores', 'Honda EU2200i'),
(7, 'Herramientas de corte', 'Stihl MS 250'),
(8, 'Equipos de recolección', 'Kubota L2501'),
(9, 'Sistemas de pesaje', 'Ohaus Defender 5000'),
(10, 'Maquinaria pesada', 'Komatsu PC200'),
(11, 'Cortadoras de césped', 'Honda HRX217'),
(12, 'Sistemas de compostaje', 'Rotochopper CP-118'),
(13, 'Trituradoras de ramas', 'Vermeer BC1800XL'),
(14, 'Compactadoras', 'Bomag BW 212'),
(15, 'Máquinas de empaque', 'Combi Packaging'),
(16, 'Rastrillos', 'Husqvarna RZ5426'),
(17, 'Cosechadoras de maíz', 'Case IH 9230'),
(18, 'Elevadores', 'JLG 1930ES'),
(19, 'Fumigadoras', 'Yamaha YFZ450R'),
(20, 'Picar piedras', 'Ford F-150'),
(21, 'Tractores', 'Mahindra 2655'),
(22, 'Balsas de agua', 'Hercules 2000'),
(23, 'Sembradoras', 'Case IH Early Riser'),
(24, 'Motocultores', 'Mantis XP'),
(25, 'Cosechadoras de hortalizas', 'Ag Leader InCommand'),
(26, 'Excavadoras', 'Caterpillar 320D'),
(27, 'Cortadoras de árboles', 'Husqvarna T435'),
(28, 'Básculas de carga', 'Ohaus Defender 5000'),
(29, 'Grúas hidráulicas', 'Tadano ATF 50G-3'),
(30, 'Cosechadoras de frutos', 'John Deere S790'),
(31, 'Generadores de energía', 'Generac GP5500'),
(32, 'Montacargas', 'Hyster H50FT'),
(33, 'Lavadoras de frutas', 'Delux Wash'),
(34, 'Desmalezadoras', 'Echo SRM-2620'),
(35, 'Desinfectadoras de suelos', 'U-Spray'),
(36, 'Enfardadoras', 'Vermeer 604N'),
(37, 'Trituradoras de granos', 'Bosch GrindX'),
(38, 'Compactadoras de tierra', 'Caterpillar CP-56B'),
(39, 'Máquinas de secado', 'Buhler Aeroglide'),
(40, 'Hormigoneras', 'Yanmar DB60'),
(41, 'Cintas transportadoras', 'Flexco'),
(42, 'Plantas de reciclaje', 'SSI Shredding Systems'),
(43, 'Rodillos de compactación', 'Case 570N Tractor'),
(44, 'Fresadoras de suelos', 'Caterpillar AP555F'),
(45, 'Maquinaria de cosecha', 'Massey Ferguson 9790'),
(46, 'Rastrillos de hojas', 'Husqvarna TR 150'),
(47, 'Compresores de aire', 'Atlas Copco GA 37 VSD+'),
(48, 'Generadores eléctricos', 'Honda EU3000is'),
(49, 'Equipos de riego agrícola', 'Rain Bird 1804'),
(50, 'Tensiómetros', 'Irrometer');

INSERT INTO pago_empleados (id_pago_empleado, id_empleado, fecha_pago, estado_pago) VALUES
(1, 1, '2024-01-15', 'Pagado'),
(2, 2, '2024-01-20', 'Pendiente'),
(3, 3, '2024-01-25', 'Pagado'),
(4, 4, '2024-01-30', 'Pagado'),
(5, 5, '2024-02-05', 'Pendiente'),
(6, 6, '2024-02-10', 'Pagado'),
(7, 7, '2024-02-15', 'Pagado'),
(8, 8, '2024-02-20', 'Pendiente'),
(9, 9, '2024-02-25', 'Pagado'),
(10, 10, '2024-03-01', 'Pagado'),
(11, 11, '2024-03-05', 'Pendiente'),
(12, 12, '2024-03-10', 'Pagado'),
(13, 13, '2024-03-15', 'Pagado'),
(14, 14, '2024-03-20', 'Pendiente'),
(15, 15, '2024-03-25', 'Pagado'),
(16, 16, '2024-04-01', 'Pagado'),
(17, 17, '2024-04-05', 'Pendiente'),
(18, 18, '2024-04-10', 'Pagado'),
(19, 19, '2024-04-15', 'Pagado'),
(20, 20, '2024-04-20', 'Pendiente'),
(21, 21, '2024-04-25', 'Pagado'),
(22, 22, '2024-05-01', 'Pagado'),
(23, 23, '2024-05-05', 'Pendiente'),
(24, 24, '2024-05-10', 'Pagado'),
(25, 25, '2024-05-15', 'Pagado'),
(26, 26, '2024-05-20', 'Pendiente'),
(27, 27, '2024-05-25', 'Pagado'),
(28, 28, '2024-06-01', 'Pagado'),
(29, 29, '2024-06-05', 'Pendiente'),
(30, 30, '2024-06-10', 'Pagado'),
(31, 31, '2024-06-15', 'Pagado'),
(32, 32, '2024-06-20', 'Pendiente'),
(33, 33, '2024-06-25', 'Pagado'),
(34, 34, '2024-07-01', 'Pagado'),
(35, 35, '2024-07-05', 'Pendiente'),
(36, 36, '2024-07-10', 'Pagado'),
(37, 37, '2024-07-15', 'Pagado'),
(38, 38, '2024-07-20', 'Pendiente'),
(39, 39, '2024-07-25', 'Pagado'),
(40, 40, '2024-08-01', 'Pagado'),
(41, 41, '2024-08-05', 'Pendiente'),
(42, 42, '2024-08-10', 'Pagado'),
(43, 43, '2024-08-15', 'Pagado'),
(44, 44, '2024-08-20', 'Pendiente'),
(45, 45, '2024-08-25', 'Pagado'),
(46, 46, '2024-09-01', 'Pagado'),
(47, 47, '2024-09-05', 'Pendiente'),
(48, 48, '2024-09-10', 'Pagado'),
(49, 49, '2024-09-15', 'Pagado'),
(50, 50, '2024-09-20', 'Pendiente');


INSERT INTO pedido (id_pedido, id_cliente, id_venta, id_insumo) VALUES
(1, 1, 1, 1),
(2, 2, 2, 2),
(3, 3, 3, 3),
(4, 4, 4, 4),
(5, 5, 5, 5),
(6, 6, 6, 6),
(7, 7, 7, 7),
(8, 8, 8, 8),
(9, 9, 9, 9),
(10, 10, 10, 10),
(11, 11, 11, 11),
(12, 12, 12, 12),
(13, 13, 13, 13),
(14, 14, 14, 14),
(15, 15, 15, 15),
(16, 16, 16, 16),
(17, 17, 17, 17),
(18, 18, 18, 18),
(19, 19, 19, 19),
(20, 20, 20, 20),
(21, 21, 21, 21),
(22, 22, 22, 22),
(23, 23, 23, 23),
(24, 24, 24, 24),
(25, 25, 25, 25),
(26, 26, 26, 26),
(27, 27, 27, 27),
(28, 28, 28, 28),
(29, 29, 29, 29),
(30, 30, 30, 30),
(31, 31, 31, 31),
(32, 32, 32, 32),
(33, 33, 33, 33),
(34, 34, 34, 34),
(35, 35, 35, 35),
(36, 36, 36, 36),
(37, 37, 37, 37),
(38, 38, 38, 38),
(39, 39, 39, 39),
(40, 40, 40, 40),
(41, 41, 41, 41),
(42, 42, 42, 42),
(43, 43, 43, 43),
(44, 44, 44, 44),
(45, 45, 45, 45),
(46, 46, 46, 46),
(47, 47, 47, 47),
(48, 48, 48, 48),
(49, 49, 49, 49),
(50, 50, 50, 50);

INSERT INTO reporte_gastos (id_reporte, fecha_reporte, total) VALUES
(1, '2023-01-01 10:00:00', 500.50),
(2, '2023-01-02 11:30:00', 320.75),
(3, '2023-01-03 09:15:00', 410.20),
(4, '2023-01-04 08:45:00', 275.00),
(5, '2023-01-05 14:50:00', 640.60),
(6, '2023-01-06 12:00:00', 150.00),
(7, '2023-01-07 13:30:00', 220.40),
(8, '2023-01-08 15:10:00', 370.80),
(9, '2023-01-09 11:45:00', 480.00),
(10, '2023-01-10 10:20:00', 590.90),
(11, '2023-01-11 09:50:00', 315.60),
(12, '2023-01-12 16:30:00', 230.70),
(13, '2023-01-13 14:00:00', 530.85),
(14, '2023-01-14 13:20:00', 410.00),
(15, '2023-01-15 17:15:00', 295.50),
(16, '2023-01-16 18:30:00', 385.25),
(17, '2023-01-17 19:00:00', 410.70),
(18, '2023-01-18 10:00:00', 275.90),
(19, '2023-01-19 11:20:00', 495.00),
(20, '2023-01-20 13:45:00', 600.25),
(21, '2023-01-21 08:50:00', 190.35),
(22, '2023-01-22 15:10:00', 240.75),
(23, '2023-01-23 16:25:00', 450.50),
(24, '2023-01-24 18:40:00', 320.60),
(25, '2023-01-25 12:00:00', 510.90),
(26, '2023-01-26 09:30:00', 200.10),
(27, '2023-01-27 17:50:00', 370.00),
(28, '2023-01-28 08:20:00', 620.45),
(29, '2023-01-29 07:15:00', 130.75),
(30, '2023-01-30 10:35:00', 395.50),
(31, '2023-02-01 11:45:00', 220.40),
(32, '2023-02-02 12:55:00', 305.00),
(33, '2023-02-03 09:20:00', 580.80),
(34, '2023-02-04 16:35:00', 410.10),
(35, '2023-02-05 13:40:00', 495.60),
(36, '2023-02-06 14:00:00', 280.45),
(37, '2023-02-07 15:10:00', 470.30),
(38, '2023-02-08 16:15:00', 375.20),
(39, '2023-02-09 17:50:00', 660.70),
(40, '2023-02-10 08:45:00', 230.80),
(41, '2023-02-11 18:30:00', 520.25),
(42, '2023-02-12 07:50:00', 410.00),
(43, '2023-02-13 09:30:00', 295.70),
(44, '2023-02-14 12:00:00', 585.90),
(45, '2023-02-15 16:00:00', 300.40),
(46, '2023-02-16 18:20:00', 460.25),
(47, '2023-02-17 10:30:00', 355.10),
(48, '2023-02-18 11:40:00', 250.50),
(49, '2023-02-19 13:50:00', 370.80),
(50, '2023-02-20 15:15:00', 610.25);


INSERT INTO precio_venta_u_medida (id_precio_venta_u_medida, valor) VALUES
(1, 5.50),
(2, 10.75),
(3, 15.20),
(4, 8.40),
(5, 12.00),
(6, 18.50),
(7, 20.30),
(8, 25.00),
(9, 7.80),
(10, 9.90),
(11, 11.25),
(12, 14.75),
(13, 19.00),
(14, 6.20),
(15, 13.45),
(16, 17.80),
(17, 16.50),
(18, 22.90),
(19, 24.50),
(20, 8.70),
(21, 21.25),
(22, 28.50),
(23, 5.75),
(24, 26.00),
(25, 30.00),
(26, 32.50),
(27, 35.00),
(28, 27.80),
(29, 12.25),
(30, 29.90),
(31, 31.10),
(32, 33.75),
(33, 36.40),
(34, 18.90),
(35, 11.60),
(36, 15.90),
(37, 16.75),
(38, 34.50),
(39, 37.25),
(40, 38.90),
(41, 39.50),
(42, 40.75),
(43, 42.00),
(44, 44.30),
(45, 45.50),
(46, 47.25),
(47, 48.75),
(48, 50.00),
(49, 52.25),
(50, 55.00);

INSERT INTO producto_proceso (id_proceso_producto, id_producto, id_proceso) VALUES
(1, 1, 1),
(2, 2, 2),
(3, 3, 3),
(4, 4, 4),
(5, 5, 5),
(6, 6, 6),
(7, 7, 7),
(8, 8, 8),
(9, 9, 9),
(10, 10, 10),
(11, 11, 11),
(12, 12, 12),
(13, 13, 13),
(14, 14, 14),
(15, 15, 15),
(16, 16, 16),
(17, 17, 17),
(18, 18, 18),
(19, 19, 19),
(20, 20, 20),
(21, 21, 21),
(22, 22, 22),
(23, 23, 23),
(24, 24, 24),
(25, 25, 25),
(26, 26, 26),
(27, 27, 27),
(28, 28, 28),
(29, 29, 29),
(30, 30, 30),
(31, 31, 31),
(32, 32, 32),
(33, 33, 33),
(34, 34, 34),
(35, 35, 35),
(36, 36, 36),
(37, 37, 37),
(38, 38, 38),
(39, 39, 39),
(40, 40, 40),
(41, 41, 41),
(42, 42, 42),
(43, 43, 43),
(44, 44, 44),
(45, 45, 45),
(46, 46, 46),
(47, 47, 47),
(48, 48, 48),
(49, 49, 49),
(50, 50, 50);

INSERT INTO procesos (id_proceso, nombre, id_tipo_proceso) VALUES
(1, 'Siembra', 1),
(2, 'Cosecha', 2),
(3, 'Riego', 3),
(4, 'Fertilización', 1),
(5, 'Control de plagas', 2),
(6, 'Poda', 1),
(7, 'Transporte', 3),
(8, 'Embalaje', 2),
(9, 'Almacenaje', 3),
(10, 'Clasificación', 1),
(11, 'Calibración de maquinaria', 2),
(12, 'Preparación de terreno', 1),
(13, 'Tratamiento de suelo', 1),
(14, 'Corte de pasto', 2),
(15, 'Recolección de frutas', 3),
(16, 'Planteo de árboles', 1),
(17, 'Riego de cultivos', 3),
(18, 'Tratamiento post-cosecha', 2),
(19, 'Alquiler de maquinaria', 1),
(20, 'Mantenimiento de equipos', 3),
(21, 'Distribución de productos', 3),
(22, 'Pesaje de productos', 2),
(23, 'Manejo de inventarios', 3),
(24, 'Control de calidad', 1),
(25, 'Rotación de cultivos', 1),
(26, 'Tratamiento de semillas', 1),
(27, 'Empaque de productos', 2),
(28, 'Desinfección de cultivos', 1),
(29, 'Supervisión de producción', 3),
(30, 'Paseo de ganado', 1),
(31, 'Cuidado de animales', 2),
(32, 'Vacunación de animales', 2),
(33, 'Monitoreo de clima', 3),
(34, 'Manejo de residuos', 1),
(35, 'Evaluación de cultivos', 1),
(36, 'Recolección de agua', 3),
(37, 'Reemplazo de maquinaria', 2),
(38, 'Sistemas de riego automático', 1),
(39, 'Sostenibilidad agrícola', 3),
(40, 'Alimentación de ganado', 2),
(41, 'Corte de caña', 2),
(42, 'Tendido de cultivos', 1),
(43, 'Acopio de productos', 2),
(44, 'Análisis de suelo', 1),
(45, 'Manejo de fertilizantes', 1),
(46, 'Acondicionamiento de áreas de cultivo', 3),
(47, 'Abono de campos', 1),
(48, 'Reparación de equipos', 3),
(49, 'Inspección de cultivos', 1),
(50, 'Inmunización de ganado', 2);

INSERT INTO tipo_proceso (id_tipo_proceso, nombre) VALUES
(1, 'Preparación del terreno'),
(2, 'Cosecha y recolección'),
(3, 'Mantenimiento y cuidado'),
(4, 'Control y tratamiento'),
(5, 'Transporte y distribución'),
(6, 'Clasificación y empaque'),
(7, 'Almacenaje'),
(8, 'Control de calidad'),
(9, 'Riego y fertilización'),
(10, 'Manejo de inventarios'),
(11, 'Manejo de residuos'),
(12, 'Supervisión y monitoreo'),
(13, 'Sostenibilidad'),
(14, 'Cuidado de animales'),
(15, 'Siembra'),
(16, 'Rotación de cultivos'),
(17, 'Manejo de semillas'),
(18, 'Cuidado de maquinaria'),
(19, 'Desinfección de cultivos'),
(20, 'Evaluación de cultivos'),
(21, 'Manejo de agua'),
(22, 'Manejo de fertilizantes'),
(23, 'Monitoreo de clima'),
(24, 'Cuidado del suelo'),
(25, 'Poda de árboles'),
(26, 'Plantación de árboles'),
(27, 'Vacunación de animales'),
(28, 'Corte de pasto'),
(29, 'Paseo de ganado'),
(30, 'Abono de campos'),
(31, 'Reparación de equipos'),
(32, 'Reemplazo de maquinaria'),
(33, 'Recolección de frutas'),
(34, 'Cuidado de plantas'),
(35, 'Distribución de productos'),
(36, 'Manejo de plagas'),
(37, 'Corte de caña'),
(38, 'Alimentación de ganado'),
(39, 'Inspección de cultivos'),
(40, 'Cuidado de cultivos jóvenes'),
(41, 'Corte de vegetales'),
(42, 'Evaluación de calidad de productos'),
(43, 'Manejo de recursos naturales'),
(44, 'Cosecha de hortalizas'),
(45, 'Inmunización de ganado'),
(46, 'Sistemas de riego automático'),
(47, 'Monitoreo de cultivos'),
(48, 'Preparación de semillas'),
(49, 'Tendido de cultivos'),
(50, 'Sostenibilidad agrícola');

INSERT INTO procesos_empleados (id_proceso_empleado, id_empleado, id_proceso) VALUES
(1, 1, 1),
(2, 1, 2),
(3, 2, 3),
(4, 2, 4),
(5, 3, 5),
(6, 3, 6),
(7, 4, 7),
(8, 4, 8),
(9, 5, 9),
(10, 5, 10),
(11, 6, 11),
(12, 6, 12),
(13, 7, 13),
(14, 7, 14),
(15, 8, 15),
(16, 8, 16),
(17, 9, 17),
(18, 9, 18),
(19, 10, 19),
(20, 10, 20),
(21, 11, 21),
(22, 11, 22),
(23, 12, 23),
(24, 12, 24),
(25, 13, 25),
(26, 13, 26),
(27, 14, 27),
(28, 14, 28),
(29, 15, 29),
(30, 15, 30),
(31, 16, 31),
(32, 16, 32),
(33, 17, 33),
(34, 17, 34),
(35, 18, 35),
(36, 18, 36),
(37, 19, 37),
(38, 19, 38),
(39, 20, 39),
(40, 20, 40),
(41, 21, 41),
(42, 21, 42),
(43, 22, 43),
(44, 22, 44),
(45, 23, 45),
(46, 23, 46),
(47, 24, 47),
(48, 24, 48),
(49, 25, 49),
(50, 25, 50);

INSERT INTO procesos_maquinas (id_proceso_maquina, id_proceso, id_maquina) VALUES
(1, 1, 1),
(2, 1, 2),
(3, 2, 3),
(4, 2, 4),
(5, 3, 5),
(6, 3, 6),
(7, 4, 7),
(8, 4, 8),
(9, 5, 9),
(10, 5, 10),
(11, 6, 11),
(12, 6, 12),
(13, 7, 13),
(14, 7, 14),
(15, 8, 15),
(16, 8, 16),
(17, 9, 17),
(18, 9, 18),
(19, 10, 19),
(20, 10, 20),
(21, 11, 21),
(22, 11, 22),
(23, 12, 23),
(24, 12, 24),
(25, 13, 25),
(26, 13, 26),
(27, 14, 27),
(28, 14, 28),
(29, 15, 29),
(30, 15, 30),
(31, 16, 31),
(32, 16, 32),
(33, 17, 33),
(34, 17, 34),
(35, 18, 35),
(36, 18, 36),
(37, 19, 37),
(38, 19, 38),
(39, 20, 39),
(40, 20, 40),
(41, 21, 41),
(42, 21, 42),
(43, 22, 43),
(44, 22, 44),
(45, 23, 45),
(46, 23, 46),
(47, 24, 47),
(48, 24, 48),
(49, 25, 49),
(50, 25, 50);

INSERT INTO vacaciones (id_vacaciones, fecha_vacaciones, id_empleado, id_estado_vacaciones) VALUES
(1, '2024-01-15', 1, 1),
(2, '2024-02-20', 2, 2),
(3, '2024-03-10', 3, 1),
(4, '2024-04-05', 4, 2),
(5, '2024-05-22', 5, 1),
(6, '2024-06-18', 6, 2),
(7, '2024-07-01', 7, 1),
(8, '2024-08-14', 8, 2),
(9, '2024-09-02', 9, 1),
(10, '2024-10-03', 10, 2),
(11, '2024-11-11', 11, 1),
(12, '2024-12-24', 12, 2),
(13, '2024-01-10', 13, 1),
(14, '2024-02-25', 14, 2),
(15, '2024-03-15', 15, 1),
(16, '2024-04-28', 16, 2),
(17, '2024-05-05', 17, 1),
(18, '2024-06-30', 18, 2),
(19, '2024-07-12', 19, 1),
(20, '2024-08-25', 20, 2),
(21, '2024-09-20', 21, 1),
(22, '2024-10-09', 22, 2),
(23, '2024-11-15', 23, 1),
(24, '2024-12-12', 24, 2),
(25, '2024-01-05', 25, 1),
(26, '2024-02-28', 26, 2),
(27, '2024-03-22', 27, 1),
(28, '2024-04-19', 28, 2),
(29, '2024-05-18', 29, 1),
(30, '2024-06-08', 30, 2),
(31, '2024-07-20', 31, 1),
(32, '2024-08-13', 32, 2),
(33, '2024-09-08', 33, 1),
(34, '2024-10-19', 34, 2),
(35, '2024-11-03', 35, 1),
(36, '2024-12-05', 36, 2),
(37, '2024-01-21', 37, 1),
(38, '2024-02-11', 38, 2),
(39, '2024-03-18', 39, 1),
(40, '2024-04-22', 40, 2),
(41, '2024-05-07', 41, 1),
(42, '2024-06-10', 42, 2),
(43, '2024-07-15', 43, 1),
(44, '2024-08-30', 44, 2),
(45, '2024-09-11', 45, 1),
(46, '2024-10-17', 46, 2),
(47, '2024-11-22', 47, 1),
(48, '2024-12-08', 48, 2),
(49, '2024-01-13', 49, 1),
(50, '2024-02-03', 50, 2);

INSERT INTO Cargo (id_cargo, nombre) VALUES
(1, 'Gerente General'),
(2, 'Supervisor de Producción'),
(3, 'Coordinador de Logística'),
(4, 'Jefe de Mantenimiento'),
(5, 'Técnico de Maquinaria'),
(6, 'Especialista en Riego'),
(7, 'Asesor Agrícola'),
(8, 'Operario de Campo'),
(9, 'Contador'),
(10, 'Recepcionista'),
(11, 'Jefe de Almacén'),
(12, 'Auxiliar Administrativo'),
(13, 'Técnico en Agricultura'),
(14, 'Ingeniero Agrónomo'),
(15, 'Capataz de Finca'),
(16, 'Técnico de Control de Calidad'),
(17, 'Jefe de Seguridad'),
(18, 'Supervisor de Finca'),
(19, 'Jefe de Ventas'),
(20, 'Asistente de Ventas'),
(21, 'Líder de Producción'),
(22, 'Operario de Tractores'),
(23, 'Técnico en Fertilización'),
(24, 'Gerente de Recursos Humanos'),
(25, 'Supervisor de Campo'),
(26, 'Gerente de Compras'),
(27, 'Auxiliar de Compras'),
(28, 'Técnico en Irrigación'),
(29, 'Analista de Costos'),
(30, 'Técnico en Equipos de Riego'),
(31, 'Jefe de Marketing'),
(32, 'Gerente de Finanzas'),
(33, 'Asistente de Finanzas'),
(34, 'Jefe de Exportación'),
(35, 'Supervisor de Exportación'),
(36, 'Asistente Administrativo'),
(37, 'Supervisor de Almacén'),
(38, 'Jefe de Investigación'),
(39, 'Ingeniero de Proyectos'),
(40, 'Técnico de Reemplazo'),
(41, 'Jefe de Control de Plagas'),
(42, 'Técnico de Control de Plagas'),
(43, 'Jefe de Producción de Semillas'),
(44, 'Analista de Producción'),
(45, 'Coordinador de Equipos'),
(46, 'Técnico de Riego Automático'),
(47, 'Técnico de Sanidad Vegetal'),
(48, 'Coordinador de Recolección'),
(49, 'Técnico de Recolección'),
(50, 'Operario de Empaque');

INSERT INTO estado_vacaciones (id_estado_vacaciones, estado) VALUES
(1, 'Aprobada'),
(2, 'Pendiente'),
(3, 'Rechazada'),
(4, 'Completada'),
(5, 'Cancelada'),
(6, 'En Proceso'),
(7, 'Pendiente de Aprobación'),
(8, 'En Espera'),
(9, 'Pospuesta'),
(10, 'Aprobada parcialmente'),
(11, 'Confirmada'),
(12, 'Verificada'),
(13, 'En Revisión'),
(14, 'Solicitada'),
(15, 'Esperando Confirmación'),
(16, 'Rechazada parcialmente'),
(17, 'En Trámite'),
(18, 'Autorizada'),
(19, 'Pendiente de confirmación'),
(20, 'En espera de revisión'),
(21, 'En espera de aprobación'),
(22, 'En proceso de verificación'),
(23, 'Autorizada parcialmente'),
(24, 'En espera de documentación'),
(25, 'Pendiente de cancelación'),
(26, 'En espera de salida'),
(27, 'En espera de entrada'),
(28, 'En espera de evaluación'),
(29, 'Confirmada parcialmente'),
(30, 'En espera de respuesta'),
(31, 'Concedida'),
(32, 'Aprobación en espera'),
(33, 'Evaluación en curso'),
(34, 'Cancelada parcialmente'),
(35, 'Completada parcialmente'),
(36, 'Solicitada parcialmente'),
(37, 'En espera de autorización'),
(38, 'Concedida parcialmente'),
(39, 'Pendiente de decisión'),
(40, 'Pendiente de confirmación final'),
(41, 'Autorización pendiente'),
(42, 'En espera de proceso'),
(43, 'En espera de firma'),
(44, 'Confirmación pendiente'),
(45, 'Pendiente de informe'),
(46, 'Verificación en curso'),
(47, 'Evaluación en espera'),
(48, 'Aprobación completada'),
(49, 'En proceso de cancelación'),
(50, 'Confirmación completada');

INSERT INTO estados_empleados (id_estado_empleado, estado) VALUES
(1, 'Activo'),
(2, 'Inactivo'),
(3, 'Licencia'),
(4, 'Vacaciones'),
(5, 'Enfermo'),
(6, 'Suspendido'),
(7, 'Jubilado'),
(8, 'Renunciado'),
(9, 'Despedido'),
(10, 'En capacitación'),
(11, 'Con permiso'),
(12, 'En espera de contrato'),
(13, 'Contratado'),
(14, 'De baja'),
(15, 'En periodo de prueba'),
(16, 'Permiso especial'),
(17, 'Baja temporal'),
(18, 'En espera de reincorporación'),
(19, 'Asignado a proyecto'),
(20, 'Inactivo por discapacidad'),
(21, 'Activo a medio tiempo'),
(22, 'Activo a tiempo completo'),
(23, 'En licencia maternal'),
(24, 'En licencia paternal'),
(25, 'En reubicación'),
(26, 'En espera de evaluación'),
(27, 'Activo bajo revisión'),
(28, 'Permiso médico'),
(29, 'En espera de despido'),
(30, 'De baja por enfermedad'),
(31, 'De baja por accidente'),
(32, 'Asignado a nuevo puesto'),
(33, 'En licencia por maternidad'),
(34, 'En periodo sabático'),
(35, 'En espera de reincorporación al puesto'),
(36, 'Baja por incapacidad'),
(37, 'En periodo de rehabilitación'),
(38, 'En espera de una decisión de reinstalación'),
(39, 'Activo en proyecto de investigación'),
(40, 'Activo en proyecto agrícola'),
(41, 'En reubicación de puesto'),
(42, 'En evaluación de desempeño'),
(43, 'Activo en programa de salud'),
(44, 'Baja por estudios'),
(45, 'En evaluación de contrato'),
(46, 'Activo bajo condiciones especiales'),
(47, 'En tratamiento médico'),
(48, 'Activo con contrato a término fijo'),
(49, 'Activo con contrato indefinido'),
(50, 'Activo con contrato temporal');


INSERT INTO pago_empleado_empleados (id_pago_empleado, id_empleado) VALUES
(1, 1),
(2, 2),
(3, 3),
(4, 4),
(5, 5),
(6, 6),
(7, 7),
(8, 8),
(9, 9),
(10, 10),
(11, 11),
(12, 12),
(13, 13),
(14, 14),
(15, 15),
(16, 16),
(17, 17),
(18, 18),
(19, 19),
(20, 20),
(21, 21),
(22, 22),
(23, 23),
(24, 24),
(25, 25),
(26, 26),
(27, 27),
(28, 28),
(29, 29),
(30, 30),
(31, 31),
(32, 32),
(33, 33),
(34, 34),
(35, 35),
(36, 36),
(37, 37),
(38, 38),
(39, 39),
(40, 40),
(41, 41),
(42, 42),
(43, 43),
(44, 44),
(45, 45),
(46, 46),
(47, 47),
(48, 48),
(49, 49),
(50, 50);



INSERT INTO ventas_empleados (id_empleado, id_venta) VALUES
(1, 1),
(1, 2),
(1, 3),
(2, 4),
(2, 5),
(2, 6),
(3, 7),
(3, 8),
(3, 9),
(4, 10),
(4, 11),
(4, 12),
(5, 13),
(5, 14),
(5, 15),
(6, 16),
(6, 17),
(6, 18),
(7, 19),
(7, 20),
(7, 21),
(8, 22),
(8, 23),
(8, 24),
(9, 25),
(9, 26),
(9, 27),
(10, 28),
(10, 29),
(10, 30),
(11, 31),
(11, 32),
(11, 33),
(12, 34),
(12, 35),
(12, 36),
(13, 37),
(13, 38),
(13, 39),
(14, 40),
(14, 41),
(14, 42),
(15, 43),
(15, 44),
(15, 45),
(16, 46),
(16, 47),
(16, 48),
(17, 49),
(17, 50);

INSERT INTO continente (id_continente, nombre) VALUES
(1, 'África'),
(2, 'América'),
(3, 'Asia'),
(4, 'Europa'),
(5, 'Oceanía');

INSERT INTO tipo_inventario (id_tipo_inventario, nombre) VALUES
(1, 'Herramientas'),
(2, 'Maquinaria'),
(3, 'Fertilizantes'),
(4, 'Semillas'),
(5, 'Pesticidas'),
(6, 'Materiales de Construcción'),
(7, 'Equipos de Riego'),
(8, 'Equipos de Protección Personal'),
(9, 'Combustible'),
(10, 'Alimento Animal');


INSERT INTO inventario (id_inventario, nombre, id_tipo_inventario, id_finca) VALUES
(1, 'Tractor', 2, 1),
(2, 'Arado', 1, 1),
(3, 'Semillas de Maíz', 4, 1),
(4, 'Fertilizante Nitrogenado', 3, 1),
(5, 'Guantes de Trabajo', 8, 1),
(6, 'Motocultor', 2, 1),
(7, 'Pesticida Orgánico', 5, 1),
(8, 'Sistema de Riego por Goteo', 7, 1),
(9, 'Casco de Seguridad', 8, 1),
(10, 'Alimento para Vacas', 10, 1),
(11, 'Abono Orgánico', 3, 1),
(12, 'Palas', 1, 1),
(13, 'Semillas de Trigo', 4, 1),
(14, 'Fertilizante Fosfatado', 3, 1),
(15, 'Máscara Respiratoria', 8, 1),
(16, 'Semillas de Girasol', 4, 1),
(17, 'Herramientas de Jardinería', 1, 1),
(18, 'Combustible Diesel', 9, 1),
(19, 'Botas de Seguridad', 8, 1),
(20, 'Sulfato de Amonio', 3, 1),
(21, 'Tractor de Cosecha', 2, 1),
(22, 'Pala Excavadora', 1, 1),
(23, 'Semillas de Sorgo', 4, 1),
(24, 'Fertilizante Potásico', 3, 1),
(25, 'Gafas de Protección', 8, 1),
(26, 'Sistema de Riego por Aspersión', 7, 1),
(27, 'Casco de Trabajo', 8, 1),
(28, 'Alimento para Cerdos', 10, 1),
(29, 'Abono de Compost', 3, 1),
(30, 'Cuchillas', 1, 1),
(31, 'Semillas de Soya', 4, 1),
(32, 'Fertilizante de Calcio', 3, 1),
(33, 'Máscara de Filtro', 8, 1),
(34, 'Semillas de Avena', 4, 1),
(35, 'Hacha', 1, 1),
(36, 'Combustible Gasolina', 9, 1),
(37, 'Chaleco Reflectante', 8, 1),
(38, 'Fertilizante Verde', 3, 1),
(39, 'Carretilla', 1, 1),
(40, 'Semillas de Cebada', 4, 1),
(41, 'Fertilizante de Nitrato', 3, 1),
(42, 'Protección Auditiva', 8, 1),
(43, 'Sistema de Riego Manual', 7, 1),
(44, 'Botas con Punta de Acero', 8, 1),
(45, 'Alimento para Gallinas', 10, 1),
(46, 'Fertilizante Foliar', 3, 1),
(47, 'Azadón', 1, 1),
(48, 'Semillas de Ajo', 4, 1),
(49, 'Fertilizante Líquido', 3, 1),
(50, 'Guantes Anticorte', 8, 1);



INSERT INTO ventas (id_venta, id_cliente, id_empleado, fecha_venta, total) VALUES
(1, 1, 1, '2024-01-01 10:00:00', 100.00),
(2, 2, 2, '2024-01-02 11:00:00', 150.00),
(3, 3, 3, '2024-01-03 12:00:00', 200.00),
(4, 4, 4, '2024-01-04 13:00:00', 250.00),
(5, 5, 5, '2024-01-05 14:00:00', 300.00),
(6, 6, 6, '2024-01-06 15:00:00', 350.00),
(7, 7, 7, '2024-01-07 16:00:00', 400.00),
(8, 8, 8, '2024-01-08 17:00:00', 450.00),
(9, 9, 9, '2024-01-09 18:00:00', 500.00),
(10, 10, 10, '2024-01-10 19:00:00', 550.00),
(11, 11, 11, '2024-01-11 10:00:00', 600.00),
(12, 12, 12, '2024-01-12 11:00:00', 650.00),
(13, 13, 13, '2024-01-13 12:00:00', 700.00),
(14, 14, 14, '2024-01-14 13:00:00', 750.00),
(15, 15, 15, '2024-01-15 14:00:00', 800.00),
(16, 16, 16, '2024-01-16 15:00:00', 850.00),
(17, 17, 17, '2024-01-17 16:00:00', 900.00),
(18, 18, 18, '2024-01-18 17:00:00', 950.00),
(19, 19, 19, '2024-01-19 18:00:00', 1000.00),
(20, 20, 20, '2024-01-20 19:00:00', 1050.00),
(21, 21, 1, '2024-01-21 10:00:00', 1100.00),
(22, 22, 2, '2024-01-22 11:00:00', 1150.00),
(23, 23, 3, '2024-01-23 12:00:00', 1200.00),
(24, 24, 4, '2024-01-24 13:00:00', 1250.00),
(25, 25, 5, '2024-01-25 14:00:00', 1300.00),
(26, 26, 6, '2024-01-26 15:00:00', 1350.00),
(27, 27, 7, '2024-01-27 16:00:00', 1400.00),
(28, 28, 8, '2024-01-28 17:00:00', 1450.00),
(29, 29, 9, '2024-01-29 18:00:00', 1500.00),
(30, 30, 10, '2024-01-30 19:00:00', 1550.00),
(31, 31, 11, '2024-01-31 10:00:00', 1600.00),
(32, 32, 12, '2024-02-01 11:00:00', 1650.00),
(33, 33, 13, '2024-02-02 12:00:00', 1700.00),
(34, 34, 14, '2024-02-03 13:00:00', 1750.00),
(35, 35, 15, '2024-02-04 14:00:00', 1800.00),
(36, 36, 16, '2024-02-05 15:00:00', 1850.00),
(37, 37, 17, '2024-02-06 16:00:00', 1900.00),
(38, 38, 18, '2024-02-07 17:00:00', 1950.00),
(39, 39, 19, '2024-02-08 18:00:00', 2000.00),
(40, 40, 20, '2024-02-09 19:00:00', 2050.00),
(41, 41, 1, '2024-02-10 10:00:00', 2100.00),
(42, 42, 2, '2024-02-11 11:00:00', 2150.00),
(43, 43, 3, '2024-02-12 12:00:00', 2200.00),
(44, 44, 4, '2024-02-13 13:00:00', 2250.00),
(45, 45, 5, '2024-02-14 14:00:00', 2300.00),
(46, 46, 6, '2024-02-15 15:00:00', 2350.00),
(47, 47, 7, '2024-02-16 16:00:00', 2400.00),
(48, 48, 8, '2024-02-17 17:00:00', 2450.00),
(49, 49, 9, '2024-02-18 18:00:00', 2500.00),
(50, 50, 10, '2024-02-19 19:00:00', 2550.00);
